0xef9cd7882c067686691b6ff49e650b43afbbcc6b,,FinNexus,FNX,18
0xb78b3320493a4efaa1028130c5ba26f0b6085ef8,,Dracula Token,DRC,18
0xdefcb64c13442d40db6e45cf7fe1e064e5e360c9,,NyanCatToken,NYAN,18
0xe4815ae53b124e7263f08dcdbbb757d41ed658c6,,Zks,ZKS,18
0x888888435fde8e7d4c54cab67f206e4199454c60,,DFX Token,DFX,18
0xba13afecda9beb75de5c56bbaf696b880a5a50dd,,SushiSwap LP Token,SLP,18
0xe7689b2c21242e07870aaa0ffee1ec11833d5e24,,SushiSwap LP Token,SLP,18
0x7a1a7c1bed151052b3d47a132b0b9dd1f1976aea,,89 Seconds Atomized,89SA,18
0x8eef5a82e6aa222a60f009ac18c24ee12dbf4b41,,Tixl Token,TXL,18
0x973e52691176d36453868d9d86572788d27041a9,,DxChain Token,DX,18
0x96b52b5bf8d902252d0714a1bd2651a785fd2660,,EtherBone,ETHBN,18
0x1337def18c680af1f9f45cbcab6309562975b1dd,,Armor NXM,arNXM,18
0x1796ae0b0fa4862485106a0de9b654efe301d0b2,,Polkamon,PMON,18
0x948a9bb69d1d1202c160d26804aefff0634a492e,,Stable Yield Credit,scUSD,8
0x23c6ab8b52975551448fbddf2e494ae57645c200,,88mph Harvest 3CRV Zero Coupon Bond -- Series August 2021,88MPH-HARVEST-3CRV-AUG-2021,18
0x870b372e8c1802165f44b6cb11398d3d016ed2e0,,Decentralized Token,DLT,8
0x9ceb84f92a0561fa3cc4132ab9c0b76a59787544,,DokiDokiFinance,DOKI,18
0x69bbe2fa02b4d90a944ff328663667dc32786385,,Punk-Basic,PUNK-BASIC,18
0xd5525d397898e5502075ea5e830d8914f6f0affe,,MEME,MEME,8
0x1571ed0bed4d987fe2b498ddbae7dfa19519f651,,iFARM,iFARM,18
0x3c9d6c1c73b31c837832c72e04d3152f051fc1a9,,BoringDAO,BOR,18
0xc5bddf9843308380375a611c18b50fb9341f502a,,veCRV-DAO yVault,yveCRV-DAO,18
0xc76fb75950536d98fa62ea968e1d6b45ffea2a55,,COL,COL,18
0x0e5f2858ffb2c81d7d2545c011b50fd60a203e0f,,Cloud Technology,CTH,18
0x3155ba85d5f96b2d030a4966af206230e46849cb,,THORChain ETH.RUNE,RUNE,18
0x11d147e8d39f59af00e159c4b1fe3a31d58a2c66,,Wrapped Hive,WHIVE,3
0x9d79d5b61de59d882ce90125b18f74af650acb93,,Neutrino System Base Token,NSBT,6
0x04fa0d235c4abf4bcf4787af4cf447de572ef828,,UMA Voting Token v1,UMA,18
0x7b123f53421b1bf8533339bfbdc7c98aa94163db,,dfohub,buidl,18
0xc944e90c64b2c07662a292be6244bdf05cda44a7,,Graph Token,GRT,18
0x3832d2f059e55934220881f831be501d180671a7,,renDOGE,renDOGE,8
0x035bfe6057e15ea692c0dfdcab3bb41a64dd2ad4,,Universal Liquidity Union,ULU,18
0x27702a26126e0b3702af63ee09ac4d1a084ef628,,aleph.im v2,ALEPH,18
0xb9ef770b6a5e12e45983c5d80545258aa38f3b78,,0chain,ZCN,10
0xbc396689893d065f41bc2c6ecbee5e0085233447,,Perpetual,PERP,18
0x967da4048cd07ab37855c090aaf366e4ce1b9f48,,Ocean Token,OCEAN,18
0x6a6d430573d3f070aeab97b3a189d698ea130454,,Wrapped Bitcoin Diamond,WBCD,7
0x1456688345527be1f37e9e627da0837d6f08c925,,USDP Stablecoin,USDP,18
0x804683b195f83868a21b6732fa68eab4c738d864,,Lionel Andres Messi,MSI,18
0xee8a808c478d14aec57f874351177d80d02ce454,,UmbriaToken,UMBR,18
0x8207c1ffc5b6804f6024322ccf34f29c3541ae26,,OriginToken,OGN,18
0xba11d00c5f74255f56a5e366f4f77f5a186d7f55,,BandToken,BAND,18
0x7968bc6a03017ea2de509aaa816f163db0f35148,,Hedget,HGET,6
0x5f98805a4e8be255a32880fdec7f6728c6568ba0,,LUSD Stablecoin,LUSD,18
0x70b90982d4ea795b98e6e354418403f954c9d432,,DogeStar,DogeStar,18
0xc011a73ee8576fb46f5e1c5751ca3b9fe0af2a6f,,Synthetix Network Token,SNX,18
0x666d875c600aa06ac1cf15641361dec3b00432ef,,BTSE Token,BTSE,8
0x70401dfd142a16dc7031c56e862fc88cb9537ce0,,Bird.Money,BIRD,18
0x9ad5d6c438267bdada28d37e3793954a804cdf78,,POWNFT,POW,18
0x7ca4408137eb639570f8e647d9bd7b7e8717514a,,AlpaToken,ALPA,18
0x9e78b8274e1d6a76a0dbbf90418894df27cbceb5,,UniFi,UniFi,18
0x92e187a03b6cd19cb6af293ba17f2745fd2357d5,,Unit Protocol,DUCK,18
0xa1d0e215a23d7030842fc67ce582a6afa3ccab83,,YFII.finance,YFII,18
0x2f141ce366a2462f02cea3d12cf93e4dca49e4fd,,Free Coin,FREE,18
0x79939cc7b61079542fdedb0bf15046b6deb778d1,,actioncoin.com,ACTN,18
0x95a4492f028aa1fd432ea71146b433e7b4446611,,APY Governance Token,APY,18
0x0ff6ffcfda92c53f615a4a75d982f399c989366b,,Unilayer,LAYER,18
0x81a0baec267f9fb2b4ba9ab743ee586e2371916f,,MIC,MIC,18
0xbf1f9a14f3ba62370215ea0f476a99ed17225b74,,Pathfinder,PATHFINDER,18
0xdcb01cc464238396e213a6fdd933e36796eaff9f,,Yield,YLD,18
0x054d64b73d3d8a21af3d764efd76bcaa774f3bb2,,Plasma,PPAY,18
0x44564d0bd94343f72e3c8a0d22308b7fa71db0bb,,BasketDAO Gov,BASK,18
0x6133a1d8c4bf787127b235f3677e119517a0c132,,StandardToken,ST,18
0x5bc0531961ac966486f53e34e6fb3b16eaf3ab4c,,rDAO2,rDAO,18
0x6eab9c5e768c8c37e94dc236c6cde7dba4d0f3b3,,Swapscan,SWP,18
0x07150e919b4de5fd6a63de1f9384828396f25fdc,,Base Protocol,BASE,9
0x9c405acf8688afb61b3197421cdeec1a266c6839,,DogeYield,DOGY,18
0x21ae9e080a53ab98cc1266ed1c8cc27ffd3256d5,,UMA TVL Option [30 Jun 2021],uTVL-0621,18
0x8064d9ae6cdf087b1bcd5bdf3531bd5d8c537a68,,BoringDAO BTC,oBTC,18
0xb753428af26e81097e7fd17f40c88aaa3e04902c,,Spice,SFI,18
0xad0887734461af8c6033068bde4047dbe84074cc,,arbiswap,aswap,8
0x18cc17a1eed37c02a77b0b96b7890c7730e2a2cf,,oneLINK,oneLINK,9
0xad7bfdce99d4d8eb77c77e50a5aa4e6e526fd8f6,,Archetype,ARCHETYPE,18
0xebd9d99a3982d547c5bb4db7e3b1f9f14b67eb83,,Everest ID,ID,18
0xcd1cb16a67937ff8af5d726e2681010ce1e9891a,,ThemisToken,MIS,8
0xf18ade29a225faa555e475ee01f9eb66eb4a3a74,,Punk-Zombie,PUNK-ZOMBIE,18
0x960b236a07cf122663c4303350609a66a7b288c0,,Aragon Network Token,ANT,18
0x7b73a9e765b947b4eeb05cf7dd17eefaac1b1575,,Ruler Protocol rToken,RC_WBTC__DAI_2021_3_31,18
0x9275e8386a5bdda160c0e621e9a6067b8fd88ea2,,NOBUNAGA,NBNG,18
0xc3589f56b6869824804a5ea29f2c9886af1b0fce,,Honey,HNY,18
0x31503dcb60119a812fee820bb7042752019f2355,,SushiSwap LP Token,SLP,18
0xcfc9a86fccf24ef495194540e1a3d3d523893355,,Primitive V1 Redeem,RDM,18
0xa1faa113cbe53436df28ff0aee54275c13b40975,,AlphaToken,ALPHA,18
0x3fa729b4548becbad4eab6ef18413470e6d5324c,,Mover,MOVE,18
0x02f2d4a04e6e01ace88bd2cd632875543b2ef577,,PKG Token,PKG,18
0x35e78b3982e87ecfd5b3f3265b601c046cdbe232,,SideShift Token,XAI,18
0x3108ccfd96816f9e663baa0e8c5951d229e8c6da,,DarkToken,DARK,18
0xbcd6a2ddafbaa7f424698ed69e717c0c0f1e99bf,,SushiSwap LP Token,SLP,18
0x6b4389afb3e243a65668b7311fa9ef092a8a3b64,,Real Coin,REAL,18
0xaa7a9ca87d3694b5755f213b5d04094b8d0f0a6f,,Trace Token,TRAC,18
0xe3818504c1b32bf1557b16c238b2e01fd3149c17,,PILLAR,PLR,18
0xc96c1609a1a45ccc667b2b7fa6508e29617f7b69,,2GT_token,2GT,18
0x0bc529c00c6401aef6d220be8c6ea1667f6ad93e,,yearn.finance,YFI,18
0x0dbb4b96a23ea7943bb72a8f16cc2c248f372935,,LightToken,LIGHT,18
0x72e9d9038ce484ee986fea183f8d8df93f9ada13,,SMARTCREDIT Token,SMARTCREDIT,18
0x4c19596f5aaff459fa38b0f7ed92f11ae6543784,,TrueFi,TRU,8
0xff20817765cb7f73d4bde2e66e067e58d11095c2,,Amp,AMP,18
0x87f5f9ebe40786d49d35e1b5997b07ccaa8adbff,,Rebased v2,REB2,9
0xbf4a2ddaa16148a9d0fa2093ffac450adb7cd4aa,,Ethereum Money,ETHMNY,2
0xfa2562da1bba7b954f26c74725df51fb62646313,,ASSY Index,ASSY,18
0x739763a258640919981f9ba610ae65492455be53,,NodeRunners,NDR,18
0x66c0dded8433c9ea86c8cf91237b14e10b4d70b7,,MarsToken,Mars,18
0xb423c1fb5414f0711c71181995ff59ffa6d31146,,TunaSwap,TUNA,18
0xe7069e147cd7085abb493f7990c684029deadcdd,,JuraToken,JRE,18
0x798d1be841a82a273720ce31c822c61a67a601c3,,Digg,DIGG,9
0x26c5331a8aaede3d3af276fd61329163a55ecbca,,ABYSS,ABY*,18
0xd5cd84d6f044abe314ee7e414d37cae8773ef9d3,,Harmony ONE,1ONE,18
0x6072d37d375a40d898c3925d51ea670aa4bf5433,,YFBASE.ORG,$YFB,18
0x135b810e48e4307ab2a59ea294a6f1724781bd3c,,WAN@ethereum,WAN,18
0xca6693aba63c3ab0803e14ef7d32dd37d1f55bec,,BACON Network,BACON,18
0x4cc19356f2d37338b9802aa8e8fc58b0373296e7,,SelfKey,KEY,18
0x4a152f0ea704584c3a0fb7f01c0860c1b3a3a14d,,Sushi Set Dollar,SSD,18
0xef6344de1fcfc5f48c30234c16c1389e8cdc572c,,DNA,DNA,18
0x580c8520deda0a441522aeae0f9f7a5f29629afa,,Dawn,DAWN,18
0x226bb599a12c826476e3a771454697ea52e9e220,,Propy,PRO,8
0x201850680b79bbeff4e00684248b237a77bded0c,,Nerdling Token,NERDLING,18
0x4bd70556ae3f8a6ec6c4080a0c327b24325438f3,,Hxro,HXRO,18
0x4e15361fd6b4bb609fa63c81a2be19d873717870,,Fantom Token,FTM,18
0x78f225869c08d478c34e5f645d07a87d3fe8eb78,,PieDAO DEFI Large Cap,DEFI+L,18
0xd75ea151a61d06868e31f8988d28dfe5e9df57b4,,SushiSwap LP Token,SLP,18
0x34612903db071e888a4dadcaa416d3ee263a87b9,,ethart,arte,18
0x25fc63bad0681b41b354f4f568c80ae1f8815128,,TEST - presale,TESTPRESALE,18
0xa1e72267084192db7387c8cc1328fade470e4149,,Legacy TrueFi TrueUSD,Legacy tfTUSD,18
0x8f8221afbb33998d8584a2b05749ba73c37a938a,,Request Token,REQ,18
0x1478c471c35f83a4ce3cf17fe2cd076571daf5e2,,3Lfarming,Yf3L,18
0xe692c8d72bd4ac7764090d54842a305546dd1de5,,ANY Blocknet,aBLOCK,8
0xda4c5aea122260e70616e979592735f12fe20499,,AXION,AXN,18
0x7dd9c5cba05e151c895fde1cf355c9a1d5da6429,,Golem Network Token,GLM,18
0x41c028a4c1f461ebfc3af91619b240004ebad216,,TacoToken,TACO,18
0x3472a5a71965499acd81997a54bba8d852c6e53d,,Badger,BADGER,18
0x05d27cdd23e22ca63e7f9c7c6d1b79ede9c4fcf5,,Yearn Finance Passive Income,YFPI,18
0x2075ab08d7c74eee8776b3726661c2b55413d721,,YieldXToken,YieldX,18
0x1453dbb8a29551ade11d89825ca812e05317eaeb,,Tendies Token,TEND,18
0xead35f584b21fe77bd7673921e909032101dbde5,,Ether Cards,CARD,18
0xcb46c550539ac3db72dc7af7c89b11c306c727c2,,Poly Ontology Token,pONT,9
0xfcfc434ee5bff924222e084a8876eee74ea7cfba,,Rebasing Liquidity Token - DELTA.financial,DELTA rLP,18
0x82b0e50478eeafde392d45d1259ed1071b6fda81,,DNA Token,DNA,18
0xedeec5691f23e4914cf0183a4196bbeb30d027a0,,Wrapped STA,WSTA,18
0xa117000000f279d81a1d3cc75430faa017fa5a2e,,Aragon Network Token,ANT,18
0x15d4c048f83bd7e37d49ea4c83a07267ec4203da,,Gala,GALA,8
0xd7b7d3c0bda57723fb54ab95fd8f9ea033af37f2,,PYLON,PYLON,18
0xf188370a51e0713457c8b72c114bc522be348682,,xINCH,xINCHb,18
0x1337def16f9b486faed0293eb623dc8395dfe46a,,Armor,ARMOR,18
0xc4376cfdab7302c47155b8d40c0e1941ae662526,,Lager Finance,LAGER,18
0x68c6d02d44e16f1c20088731ab032f849100d70f,,SushiSwap LP Token,SLP,18
0xeb4c2781e4eba804ce9a9803c67d0893436bb27d,,renBTC,renBTC,8
0x8400d94a5cb0fa0d041a3788e395285d61c9ee5e,,UniBright,UBT,8
0x4a6058666cf1057eac3cd3a5a614620547559fc9,,BrickblockToken,BBK,18
0x988dadd0b82fa7d94d9e6f084a08755bfd4da860,,WSCOIN,WSCOIN,18
0xbc81bf5b3173bccdbe62dba5f5b695522ad63559,,Lead Token,XPb,18
0x95ad61b0a150d79219dcf64e1e6cc01f0b64c4ce,,SHIBA INU,SHIB,18
0x84810bcf08744d5862b8181f12d17bfd57d3b078,,SharedStake Governance Token,SGT,18
0x59519c78e72200f428f4165aff8f73c33fc0fde5,,ShyprCoin,SHYPR,18
0x5a98fcbea516cf06857215779fd812ca3bef1b32,,Lido DAO Token,LDO,18
0xde25486ccb4588ce5d9fb188fb6af72e768a466a,,Contraction Dynamic Set Dollar,CDSD,18
0x6006fc2a849fedaba8330ce36f5133de01f96189,,SHAKE token by SpaceSwap v2,SHAKE,18
0xdc57e9b624b931aa8202f3a8d54f09fa8ce7981f,,Open Sesame Token,OSST,18
0x99fe3b1391503a1bc1788051347a1324bff41452,,SportX,SX,18
0xeea6d30798300f4e1d8cd819c8db3b4e6d1e29f6,,U,URANIUM,18
0xd533a949740bb3306d119cc777fa900ba034cd52,,Curve DAO Token,CRV,18
0x7570003f85d0c362333e1668bfd638c7f34a259b,,Ruler Protocol rToken,RC_COVER__DAI_2021_3_31,18
0x5580ab97f226c324c671746a1787524aef42e415,,JUL,JUL,18
0xca3fe04c7ee111f0bbb02c328c699226acf9fd33,,seen.haus,SEEN,18
0x58b6a8a3302369daec383334672404ee733ab239,,Livepeer Token,LPT,18
0x1ceb5cb57c4d4e2b2433641b95dd330a33185a44,,Keep3rV1,KP3R,18
0x8798249c2e607446efb7ad49ec89dd1865ff4272,,SushiBar,xSUSHI,18
0x2b89bf8ba858cd2fcee1fada378d5cd6936968be,,Wrapped SCRT,WSCRT,6
0x2656754e71f063889ecf3e17bb7dfd0975dc3c87,,Fairox Membership Coin,FOMC,18
0xae1eaae3f627aaca434127644371b67b18444051,,YOP,YOP,8
0xe5feeac09d36b18b3fa757e5cf3f8da6b8e27f4c,,NFT INDEX,NFTI,18
0x6b3595068778dd592e39a122f4f5a5cf09c90fe2,,SushiToken,SUSHI,18
0x26d8151e631608570f3c28bec769c3afee0d73a3,,SushiSwap LP Token,SLP,18
0x5f0e628b693018f639d10e4a4f59bd4d8b2b6b44,,Whiteheart Token,WHITE,18
0x24ea9c1cfd77a8db3fb707f967309cf013cc1078,,CAVO,CAVO,18
0x623b3917719a3cef1a5d75e8f0ad37a45031a4d5,,Rabbit Breeding Token,RBT,18
0x91af0fbb28aba7e31403cb457106ce79397fd4e6,,Aergo,AERGO,18
0x9c78ee466d6cb57a4d01fd887d2b5dfb2d46288f,,Must,MUST,18
0x945facb997494cc2570096c74b5f66a3507330a1,,mStable BTC,mBTC,18
0x01b8bcc8b75dd86025b455373f3c0814a060e6a8,,DogeRocket,DGRO,18
0x622f2962ae78e8686ecc1e30cf2f9a6e5ac35626,,WrappedPolis,WPOLIS,18
0xad4f86a25bbc20ffb751f2fac312a0b4d8f88c64,,OptionRoom Token,ROOM,18
0x6710c63432a2de02954fc0f851db07146a6c0312,,SyncFab Smart Manufacturing Blockchain,MFG,18
0x668dbf100635f593a3847c0bdaf21f0a09380188,,bns.finance,BNSD,18
0xfca59cd816ab1ead66534d82bc21e7515ce441cf,,Rarible,RARI,18
0x68481f2c02be3786987ac2bc3327171c5d05f9bd,,Based Loans Ownership,BLO,18
0x1de37068c22bc477a3d6f512e09c186d937e5a27,,Amalgam,AMALGAM,18
0x9cea2ed9e47059260c97d697f82b8a14efa61ea5,,Punk,PUNK,18
0xfb3cd0b8a5371fe93ef92e3988d30df7931e2820,,SushiSwap LP Token,SLP,18
0xe60017a033229af351827f0c8ff0d5a2e256b9ef,,Bitcoinasset,BTA,18
0x875773784af8135ea0ef43b5a374aad105c5d39e,,Idle,IDLE,18
0x046aeccff0a2885041e6f337de72702b2f9db375,,BIK,BIK,18
0x7bd198b9107496fd5cc3d7655af52f43a8edbc4c,,oneVBTC,oneVBTC,9
0x5dfa95372eacd62a194049f868a34a888ac174b8,,Shungite,SHNGT,18
0x35a0d9579b1e886702375364fe9c540f97e4517b,,SushiSwap LP Token,SLP,18
0xb7acb10b6e1d15d2e5760a9fb328e10008dfcc3c,,0xmons,0XMON,18
0xa1d6df714f91debf4e0802a542e13067f31b8262,,RFOX,RFOX,18
0x0cec1a9154ff802e7934fc916ed7ca50bde6844e,,PoolTogether,POOL,18
0x80c8c3dcfb854f9542567c8dac3f44d709ebc1de,,MilkyWay Token by SpaceSwap v2,MILK2,18
0x2d480bb31d4796a11d9a50eaecabb36ffd42bc63,,BobaToken,BOBA,18
0xf67041758d3b6e56d6fdafa5b32038302c3634da,,TBC Shopping Token,TST,18
0x0ae055097c6d159879521c384f1d2123d1f195e6,,STAKE,STAKE,18
0x998ffe1e43facffb941dc337dd0468d52ba5b48a,,Rupiah Token,IDRT,2
0x1f9840a85d5af5bf1d1762f925bdaddc4201f984,,Uniswap,UNI,18
0x091a6f8af12325dc1465efee1e1a4298e1ff1b5f,,Boson Protocol,BOSONTOKEN,18
0xe7ee0b13928afee21a634debbe59693b13658420,,Ruler Protocol rToken,RC_COVER_250_DAI_2021_3_31,18
0x0d8775f648430679a709e98d2b0cb6250d2887ef,,Basic Attention Token,BAT,18
0xf970b8e36e23f7fc3fd752eea86f8be8d83375a6,,Ripio Credit Network Token,RCN,18
0xb6a53b84e5744bbd5858a8653c0967c924a67827,,Nimble,NMBL,7
0x7756edf05ef3c2b321a85d77b5cbf7c8a9a7c247,,Aquest Token,AQU,18
0x3a3a65aab0dd2a17e3f1947ba16138cd37d08c04,,Aave Interest bearing ETH,aETH,18
0xf1f85b2c54a2bd284b1cf4141d64fd171bd85539,,SushiSwap LP Token,SLP,18
0xd3f85d18206829f917929bbbf738c1e0ce9af7fc,,SushiSwap LP Token,SLP,18
0x3a6493a6f38aaac9af8c895e9e7659f678bae67c,,FAN,FAN,6
0x20c36f062a31865bed8a5b1e512d9a1a20aa333a,,DefiDollar DAO,DFD,18
0x383518188c0c6d7730d91b2c03a03c837814a899,,Olympus,OHM,9
0xdf48cd3b64766957b230314ee93bfbef9582cdeb,,Chromie Squiggle,SQUIGGLE,18
0x505c6120808e1dc50e84f9b2d8f5db3252666cbd,,"""Wrapped","""WETC""",18
0x44ea84a85616f8e9cd719fc843de31d852ad7240,,NO Donald Trump,nTrump,15
0x066798d9ef0833ccc719076dab77199ecbd178b0,,SakeToken,SAKE,18
0xd2877702675e6ceb975b4a1dff9fb7baf4c91ea9,,Wrapped LUNA Token,LUNA,18
0x4e3ab01b098ecda0313f9e15a1608d17371fe01f,,DEEP STAKE,DEST,18
0x2854f5fe2d01393360cb0532c66d7721b3f48324,,CafeToken,CAFE,18
0xaff40fc748bb27ceffed88c0e9fd39027ff1a736,,VesperTestToken,VSPT,18
0x1494ca1f11d487c2bbe4543e90080aeba4ba3c2b,,DefiPulse Index,DPI,18
0xb58dfbb72e648a0b035b8c85b3628123cc9bb881,,MIS2,MIS2,18
0x7e7e112a68d8d2e221e11047a72ffc1065c38e1a,,Badger Sett Digg,bDIGG,18
0x5dbcf33d8c2e976c6b560249878e6f1491bca25c,,yearn Curve.fi yDAI/yUSDC/yUSDT/yTUSD,yyDAI+yUSDC+yUSDT+yTUSD,18
0x0f17bc9a994b87b5225cfb6a2cd4d667adb4f20b,,Jarvis Synthetic Euro,jEUR,18
0x99ea4db9ee77acd40b119bd1dc4e33e1c070b80d,,Quantstamp Token,QSP,18
0x20bff4bbeda07536ff00e073bd8359e5d80d733d,,Cannon,CAN,18
0x4e26ceb8a932114a95cfb682851b6e832f830062,,MoonGainToken,MoonGain,18
0xceff51756c56ceffca006cd410b03ffc46dd3a58,,SushiSwap LP Token,SLP,18
0xa67e83917b438e11a58f119a2bd9cc5daab86041,,ECAM,ECAM,18
0x7409856cae628f5d578b285b45669b36e7005283,,Jarvis Synthetic British Pound,jGBP,18
0x767fe9edc9e0df98e07454847909b5e959d7ca0e,,Illuvium,ILV,18
0x795065dcc9f64b5614c407a6efdc400da6221fb0,,SushiSwap LP Token,SLP,18
0x984c134a8809571993fd1573fb99f06dc61e216f,,Artchain Global Token,ACG,8
0x0f5d2fb29fb7d3cfee444a200298f468908cc942,,Decentraland MANA,MANA,18
0xc40d16476380e4037e6b1a2594caf6a6cc8da967,,SushiSwap LP Token,SLP,18
0x79a91ccaaa6069a571f0a3fa6ed257796ddd0eb4,,Cap Coin,CAPC,18
0x476c5e26a75bd202a9683ffd34359c0cc15be0ff,,Serum,SRM,6
0x26c7d50b9f372e1fa9ca078cc054298f36d68b17,,StableDark,SDARK,18
0x178c820f862b14f316509ec36b13123da19a6054,,Energy Web Token Bridged,EWTB,18
0x6399c842dd2be3de30bf99bc7d1bbf6fa3650e70,,Premia,PREMIA,18
0xb9892f9a892f3e251fc58b9076c56add528eb8a6,,Moyom,MYM,18
0x674c6ad92fd080e4004b2312b45f796a192d27a0,,Neutrino USD,USDN,18
0x058349297672b6cc7ccb6e59a679c5add74a6898,,Ethereum Vault,ETHV,18
0xc837305ecdcb66fd8014a7e58985d72908bbfdf0,,Fudmart Token,FMT,18
0x96ee50aae521fb5e2412e8220632a6c11e251802,,Typhoon,TYP,18
0xc3d03e4f041fd4cd388c549ee2a29a9e5075882f,,SushiSwap LP Token,SLP,18
0x8889e606a7990af3d388a5054cecc625bcf7ef68,,Codeage,CODE,18
0xb825ff3ca3454c133a9747fb15a0ee1f51309d0a,,Singularity,SINGULARITY,18
0x31b595e7cfdb624d10a3e7a562ed98c3567e3865,,stakedZEN,stZEN,8
0x33a29c5626cfeecdd15618506280c18efda8ae58,,Stone,STONE,18
0x4d0c808d21c56e91bdf61a78245231e9c1c5e027,,1oakToken,OAK,18
0x866f10e305f01d829dea993bac71ffc5a76efa06,,xINCH,xINCHa,18
0x4b4d2e899658fb59b1d518b68fe836b100ee8958,,MIS,MIS,18
0x74159651a992952e2bf340d7628459aa4593fc05,,Tenet,TEN,18
0x6fc2f1044a3b9bb3e43a43ec8f840843ed753061,,Robo Token,ROBO,18
0x6e1a19f235be7ed8e3369ef73b196c07257494de,,Wrapped Filecoin,WFIL,18
0x49706a576bb823cde3180c930f9947d59e2ded4d,,Punk-Attr-4,PUNK-ATTR-4,18
0x853d955acef822db058eb8505911ed77f175b99e,,Frax,FRAX,18
0x9af4f26941677c706cfecf6d3379ff01bb85d5ab,,DomRaiderToken,DRT,8
0x397ff1542f962076d0bfe58ea045ffa2d347aca0,,SushiSwap LP Token,SLP,18
0x5de7cc4bcbca31c473f6d2f27825cfb09cc0bb16,,XBE,XBE,18
0x6102407f07029892eb5ff02164adfafb85f4d222,,Liberty Cash Plus,LCS,6
0x7a970d7859bc912dd5aed001efb4256ee3be648c,,Cheems.Fi,CHE,18
0x6f58a1aa0248a9f794d13dc78e74fc75140956d7,,SushiSwap LP Token,SLP,18
0xca5d29b3e74d59ebcdf09111495d86f319886a40,,WheyToken,WHEY,18
0x4fe83213d56308330ec302a8bd641f1d0113a4cc,,NuCypher,NU,18
0xc666081073e8dff8d3d1c2292a29ae1a2153ec09,,DigitexFutures,DGTX,18
0xd9cb47e5a7d8243756133fcec6e9bdc40896ccef,,MIS,MIS,18
0x0b38210ea11411557c13457d4da7dc6ea731b88a,,API3,API3,18
0x3f382dbd960e3a9bbceae22651e88158d2791550,,Aavegotchi GHST Token,GHST,18
0x5f64ab1544d28732f0a24f4713c2c8ec0da089f0,,DEXTF Token,DEXTF,18
0x0a24bb4842c301276c65086b5d78d5c872993c72,,recom.network,RECOM,18
0x0d7dea5922535087078dd3d7c554ea9f2655d4cb,,BerezkaFLEX,FLEX,18
0x79256db1bdb6259315a1a3d7dd237f69cadfd8fc,,Typhoon,PHOON,18
0x6c4b85cab20c13af72766025f0e17e0fe558a553,,yffii.finance,YFFII,18
0xf8c3527cc04340b208c854e985240c02f7b7793f,,Frontier Token,FRONT,18
0x9ba60ba98413a60db4c651d4afe5c937bbd8044b,,Yearn Lazy Ape Index,YLA,18
0xdc76450fd7e6352733fe8550efabff750b2de0e3,,BerezkaDynamic,DYNA,18
0xc28e27870558cf22add83540d2126da2e4b464c2,,SashimiToken,SASHIMI,18
0x05a599258ee8f54de384516a5e8f61adbf092ba6,,YFMeat.finance,YFMEAT,18
0x77fba179c79de5b7653f68b5039af940ada60ce0,,Ampleforth Governance,FORTH,18
0x5caf454ba92e6f2c929df14667ee360ed9fd5b26,,Dev,DEV,18
0x910524678c0b1b23ffb9285a81f99c29c11cbaed,,DokiDokiAzuki,AZUKI,18
0x4954db6391f4feb5468b6b943d4935353596aec9,,USDQ Stablecoin by Q DAO v1.0,USDQ,18
0x77745eb70a555691e152732713f6c3f0cfe99819,,InVaultToken,VAULT,18
0x87edffde3e14c7a66c9b9724747a1c5696b742e6,,Swag Token,SWAG,18
0x08d967bb0134f2d07f7cfb6e246680c53927dd30,,MATH Token,MATH,18
0x67c597624b17b16fb77959217360b7cd18284253,,Benchmark,MARK,9
0x89472e02e3550fd52971ed89a2682613b2c97199,,Ruler Protocol rToken,RC_WETH_750_DAI_2021_3_31,18
0xee1482a2c48f0012862e45a992666096fc767b78,,Primitive V1 Redeem,RDM,18
0x99295f1141d58a99e939f7be6bbe734916a875b8,,LinkPool,LPL,18
0xc0eb85285d83217cd7c891702bcbc0fc401e2d9d,,Hive Project Token,HVN,8
0x321c2fe4446c7c963dc41dd58879af648838f98d,,Cryptex,CTX,18
0xbb0e17ef65f82ab018d8edd776e8dd940327b28b,,Axie Infinity Shard,AXS,18
0x41b3f18c6384dc9a39c33afeca60d9b8e61eaa9f,,NOAH DECENTRALIZED STATE COIN,NOAHP,18
0x6f259637dcd74c767781e37bc6133cd6a68aa161,,HuobiToken,HT,18
0x2c31b10ca416b82cec4c5e93c615ca851213d48d,,Force DAO,FORCE,18
0x4c7065bca76fe44afb0d16c2441b1e6e163354e2,,Helysia,3LY,18
0x26607ac599266b21d13c7acf7942c7701a8b699c,,Power Index Pool Token,PIPT,18
0xb5317944ac530a8fa9d31cbfb01fa5154f874cfa,,Ringer,RINGER,18
0xc6e2da4a9dbe3dfe5a0836b182e0a762a0f8ebd9,,FucKoin,FCKS,18
0x73968b9a57c6e53d41345fd57a6e6ae27d6cdb2f,,Stake DAO Token,SDT,18
0xeeaa40b28a2d1b0b08f6f97bb1dd4b75316c6107,,GOVI,GOVI,18
0x2e65593392589a780dc36784ac44c9be37620e6b,,oneETH,oneETH,9
0x3fa400483487a489ec9b1db29c4129063eec4654,,Cryptokek.com,KEK,18
0x4688a8b1f292fdab17e9a90c8bc379dc1dbd8713,,Cover Protocol Governance Token,COVER,18
0x094f00cb5e31ab6164e3cacb654e8d6c2b3b471c,,ProSwap,PROS,6
0xf121848269b49b97b1eabcfeceadc5f701d20e80,,LEMAONTEA2,LTE2,18
0x888888888889c00c67689029d7856aac1065ec11,,Opium Governance Token,OPIUM,18
0x6807d7f7df53b7739f6438eabd40ab8c262c0aa8,,FORCE,FORCE,18
0x0202be363b8a4820f3f4de7faf5224ff05943ab1,,UniLend Finance Token,UFT,18
0xaba8cac6866b83ae4eec97dd07ed254282f6ad8a,,YAMv2,YAMv2,24
0x0000000000095413afc295d19edeb1ad7b71c952,,Tokenlon,LON,18
0x467bccd9d29f223bce8043b84e8c8b282827790f,,Telcoin,TEL,2
0x9d47894f8becb68b9cf3428d256311affe8b068b,,$ROPE,$ROPE,18
0x69d9905b2e5f6f5433212b7f3c954433f23c1572,,Onooks,OOKS,18
0x429881672b9ae42b8eba0e26cd9c73711b891ca5,,PickleToken,PICKLE,18
0xb6ff96b8a8d214544ca0dbc9b33f7ad6503efd32,,SYNC,SYNC,18
0xea6412fb370e8d1605e6aeeaa21ad07c3c7e9f24,,MUSH,MUSH,18
0xf1d32952e2fbb1a91e620b0fd7fbc8a8879a47f3,,3X Short Dogecoin Token,DOGEBEAR,18
0x6eb4bfa928cb0e92ca0826e4b7e67828c3d57e01,,The Federal Reserve System,1913,18
0x514910771af9ca656af840dff83e8264ecf986ca,,ChainLink Token,LINK,18
0x9c790a79916296cba9d7e602933df09e0c4d6a29,,generation.finance,YGEM,18
0x7d1afa7b718fb893db30a3abc0cfc608aacfebb0,,Matic Token,MATIC,18
0xe95a203b1a91a908f9b9ce46459d101078c2c3cb,,Ankr Staked ETH,ankrETH,18
0x2d8e1dd483008c6843b9cf644bad7fb25bf52b84,,Digital Coin,DCB,18
0x00c70e8b3c9d0e0adb85993382abaae2a11c5d96,,SushiSwap LP Token,SLP,18
0x2260fac5e5542a773aa44fbcfedf7c193bc2c599,,Wrapped BTC,WBTC,8
0x3383c5a8969dc413bfddc9656eb80a1408e4ba20,,Wrapped ANATHA,wANATHA,18
0xddb3422497e61e13543bea06989c0789117555c5,,COTI Token,COTI,18
0xd23ac27148af6a2f339bd82d0e3cff380b5093de,,SIREN,SI,18
0xade00c28244d5ce17d72e40330b1c318cd12b7c3,,AdEx Network,ADX,18
0x8564653879a18c560e7c0ea0e084c516c62f5653,,UpBots,UBXT,18
0x92b914f1ddcbb1d117a718e83c9ed7eb32fc44d1,,EnkronosToken,ENK,18
0x088ee5007c98a9677165d78dd2109ae4a3d04d0c,,SushiSwap LP Token,SLP,18
0xb9d4b4d710e47e6782f3ffd6740dfa65fd637c08,,Morph,Morf,18
0xc8120381ffaae4c79dd51f71affdc9f88420b505,,Babes-Basic,BABES-BASIC,18
0x7bf2af90d8b06271086653299f85346e53a4c64c,,Color Study,COLOR,18
0xc5fa164247d2f8d68804139457146efbde8370f6,,SushiSwap LP Token,SLP,18
0x595832f8fc6bf59c85c527fec3740a1b7a361269,,PowerLedger,POWR,6
0xe53ec727dbdeb9e2d5456c3be40cff031ab40a55,,SuperFarm,SUPER,18
0x05e4de681283bdf7c35ef7de4b87e465e80a6216,,YourGamify Token,GAM,18
0x0309c98b1bffa350bcb3f9fb9780970ca32a5060,,BasketDAO DeFi Index,BDI,18
0x23a1e8b38bd71692c45d39b96774dcf489286b87,,Punk Body Index,PUNKBODY,18
0xc1091350291e228518beae7b775d05c353789c9e,,Wrapped USD,WUSD,18
0x5e74c9036fb86bd7ecdcb084a0673efc32ea31cb,,Synth sETH,sETH,18
0x419c4db4b9e25d6db2ad9691ccb832c8d9fda05e,,Dragon,DRGN,18
0x5245c0249e5eeb2a0838266800471fd32adb1089,,Raydium,RAY,6
0x949bed886c739f1a3273629b3320db0c5024c719,,AMIS,AMIS,9
0x35bd8472ed2da9eed980e49b8b92ccbcf625adbd,,Enreich,ENRH,2
0x723db128f0ed56e5db91326c813eae87b460be04,,CFCO TOKEN,CFCO,5
0xdbdd6f355a37b94e6c7d32fef548e98a280b8df5,,UniWhales.io,UWL,18
0xeeeeeeeee2af8d0e1940679860398308e0ef24d6,,Ethverse Token,ETHV,18
0x4a527d8fc13c5203ab24ba0944f4cb14658d1db6,,Morpheus Infrastructure Token,MITx,18
0xf5d669627376ebd411e34b98f19c868c8aba5ada,,Axie Infinity Shard,AXS,18
0xaf988aff99d3d0cb870812c325c588d8d8cb7de8,,SushiSwap LP Token,SLP,18
0x55e84e5c878478fe8d22563a657ac9fe966da420,,DUST CHAIN,DUST,18
0x24a6a37576377f63f194caa5f518a60f45b42921,,Float Bank,BANK,18
0xcae516aa57d04ebf9b92813050282333f7587d2f,,Uniswap V3,UNI,18
0x3e48f3513e6416df787f6978545d2f2f902d39fd,,ZIN.Network,ZIN,18
0x0d438f3b5175bebc262bf23753c1e53d03432bde,,Wrapped NXM,wNXM,18
0x81c0edfa7aabb17e4bb0cfb956116191c5b7543f,,BERRY.FINANCE,BERRY,18
0xf057d77ba8ca6dc51427c1dfd66ddba0664fed54,,VEGETA,VEGETA,18
0x84ca8bc7997272c7cfb4d0cd3d55cd942b3c9419,,DIAToken,DIA,18
0x607f4c5bb672230e8672085532f7e901544a7375,,iEx.ec Network Token,RLC,9
0x78474f29af6d4eb0cfb3168eff1c117cf13569e8,,stakedDASH,stDASH,8
0x591f7038eaac383530d084ce7524f2afcc0f6ea3,,DCC,DCC,18
0x8888801af4d980682e47f1a9036e589479e835c5,,88mph.app,MPH,18
0x31024a4c3e9aeeb256b825790f5cb7ac645e7cd5,,Xiotri,XIOT,3
0x0316eb71485b0ab14103307bf65a021042c6d380,,Huobi BTC,HBTC,18
0xeef9f339514298c6a857efcfc1a762af84438dee,,Hermez Network Token,HEZ,18
0x8f041a3940a5e6fb580075c3774e15fcfa0e1618,,oneWING,oneWING,9
0xcc5cb920d39d4d43e68d373a4889bb6d88ed2497,,Poolz,POOLZ,18
0x93ed3fbe21207ec2e8f2d3c3de6e058cb73bc04d,,Pinakion,PNK,18
0x3449fc1cd036255ba1eb19d65ff4ba2b8903a69a,,BAC,BAC,18
0xdafd66636e2561b0284edde37e42d192f2844d40,,SushiSwap LP Token,SLP,18
0x8ab7404063ec4dbcfd4598215992dc3f8ec853d7,,Akropolis,AKRO,18
0x5a705745373a780814c379ef17810630d529efe0,,ProjectSenpai,SENPAI,18
0x41d5d79431a913c4ae7d69a668ecdfe5ff9dfb68,,Inverse DAO,INV,18
0xa8e7ad77c60ee6f30bac54e2e7c0617bd7b5a03e,,zLOT,zLOT,18
0x5d3a536e4d6dbd6114cc1ead35777bab948e3643,,Compound Dai,cDAI,8
0xdece0f6864c1511369ae2c30b90db9f5fe92832c,,DISCIPLINA,DSCPL,18
0xf40d9507a7d4850c52a45698c9410e2c345f7a94,,Bonfida Token,FIDA,6
0xcb2286d9471cc185281c4f763d34a962ed212962,,SushiSwap LP Token,SLP,18
0x3a880652f47bfaa771908c07dd8673a787daed3a,,DerivaDAO,DDX,18
0xedf6568618a00c6f0908bf7758a16f76b6e04af9,,ARIANEE,ARIA20,18
0x9470a37d562d6a4052f1c633848c2648460d688e,,EarnToken,EARN,18
0xe4f726adc8e89c6a6017f01eada77865db22da14,,PieDAO Balanced Crypto Pie,BCP,18
0xcbc1065255cbc3ab41a6868c22d1f1c573ab89fd,,Cream ETH 2,CRETH2,18
0x031bbecc1b4a541aa8170e3dfbbd51c279bf4368,,Tigerwallet Token,TWT,18
0x0f5a897d01e43f30f500cb082277bc0b6d2e6cf6,,Terrabyte Network Token,TNT,8
0xc163eade1a642d8ccef1046bae2569a00cb647ed,,Comunion UVU Token,UVU,8
0x6a77bf987bf9a0af90586ca72168f8da5c0a7bce,,Bitcoin Electronic,BTCE,8
0xd234bf2410a0009df9c3c63b610c09738f18ccd7,,Dynamic Trading Rights,DTR,8
0xa47c8bf37f92abed4a126bda807a7b7498661acd,,Wrapped UST Token,UST,18
0x408e41876cccdc0f92210600ef50372656052a38,,Republic Token,REN,18
0x364248b2f1f57c5402d244b2d469a35b4c0e9dab,,SushiSwap LP Token,SLP,18
0xa3bed4e1c75d00fa6f4e5e6922db7261b5e9acd2,,Meta,MTA,18
0x07bac35846e5ed502aa91adf6a9e7aa210f2dcbe,,erowan,erowan,18
0x71fbc1d795fcfbca43a3ebf6de0101952f31a410,,revelation.finance,ADAO,18
0x4730fb1463a6f1f44aeb45f6c5c422427f37f4d0,,The 4th Pillar Token,FOUR,18
0xec0d77a58528a218cbf41fa6e1585c8d7a085868,,oneETH,oneETH,9
0x3301ee63fb29f863f2333bd4466acb46cd8323e6,,Akita Inu,AKITA,18
0xd291e7a03283640fdc51b121ac401383a46cc623,,Rari Governance Token,RGT,18
0x3e9bc21c9b189c09df3ef1b824798658d5011937,,Linear Token,LINA,18
0x8a2279d4a90b6fe1c4b30fa660cc9f926797baa2,,Chroma,CHR,6
0xd3dd721b74d72f29677a94c4b318f16a7f7426bc,,DCS,DCS,18
0x69af81e73a73b40adf4f3d4223cd9b1ece623074,,Mask Network,MASK,18
0xe4455fdec181561e9ffe909dde46aaeaedc55283,,SushiSwap LP Token,SLP,18
0x1fcdce58959f536621d76f5b7ffb955baa5a672f,,The Force Token,FOR,18
0xe48972fcd82a274411c01834e2f031d4377fa2c0,,TwoKeyEconomy,2KEY,18
0x9f7229af0c4b9740e207ea283b9094983f78ba04,,Tadpole,TAD,18
0x5150956e082c748ca837a5dfa0a7c10ca4697f9c,,Zeedex,ZDEX,18
0x6d7917864003a9bb13cbbec8f1cdd4e36ddf6fc8,,SEMI,SEMI,18
0x82a77710495a35549d2add797412b4a4497d33ef,,DOGZ,DOGZ,18
0x40fd72257597aa14c7231a7b1aaa29fce868f677,,Sora Token,XOR,18
0x77777feddddffc19ff86db637967013e6c6a116c,,TornadoCash,TORN,18
0xb1f871ae9462f1b2c6826e88a7827e76f86751d4,,GNYerc20,GNYerc20,18
0x42d6622dece394b54999fbd73d108123806f6a18,,SPANK,SPANK,18
0x7240ac91f01233baaf8b064248e80feaa5912ba3,,Octo.fi,OCTO,18
0x87d73e916d7057945c9bcd8cdd94e42a6f47f776,,NFTX,NFTX,18
0x4691937a7508860f876c9c0a2a617e7d9e945d4b,,Wootrade Network,WOO,18
0x107c4504cd79c5d2696ea0030a8dd4e92601b82e,,Bloom Token,BLT,18
0x9bde098be22658d057c3f1f185e3fd4653e2fbd1,,KP2R.Network,KP2R,18
0xcaaa93712bdac37f736c323c93d4d5fdefcc31cc,,CryptalDash,CRD,18
0x35a532d376ffd9a705d0bb319532837337a398e7,,Wrapped DogeCoin,WDOGE,18
0x368b3a58b5f49392e5c9e4c998cb0bb966752e51,,MIC,MIC,18
0xce9afaf5b0da6ce0366ab40435a48ccff65d2ed7,,BobaToken,BOBA,18
0xb4fbed161bebcb37afb1cb4a6f7ca18b977ccb25,,DOGEswap,DOGES,18
0xd46ba6d942050d489dbd938a2c909a5d5039a161,,Ampleforth,AMPL,9
0x9f678e91219b89066a709aa6fb10631f2f5bf2f7,,Fukyu,FUKYU,18
0xabe580e7ee158da464b51ee1a83ac0289622e6be,,Offshift,XFT,18
0xf94b5c5651c888d928439ab6514b93944eee6f48,,Yield,YLD,18
0x374cb8c27130e2c9e04f44303f3c8351b9de61c1,,BaoToken,BAO,18
0xad32a8e6220741182940c5abf610bde99e737b2d,,PieDAO DOUGH v2,DOUGH,18
0x1c48f86ae57291f7686349f12601910bd8d470bb,,USDK,USDK,18
0x80a7e048f37a50500351c204cb407766fa3bae7f,,CrypteriumToken,CRPT,18
0x1caf613ca9be38f15bac8d8b84415c2a664c5b83,,DONALD TRUMP COIN,TRUMP,18
0xc22c6c6e1c78d1996b81782ebe750d96721ba4ec,,Proof of Beauty,POB,18
0x06da0fd433c1a5d7a4faa01111c044910a184553,,SushiSwap LP Token,SLP,18
0x033ecd066376afec5e6383bc9f1f15be4c62dc89,,SushiSwap LP Token,SLP,18
0xc57d533c50bc22247d49a368880fb49a1caa39f7,,PowerTrade Fuel Token,PTF,18
0xb1dc9124c395c1e97773ab855d66e879f053a289,,yAxis,YAX,18
0xed31fda280153d4a38294582aea3a1a27901aca3,,Alpaca City,Alpaca,18
0xdee0fef656d1b84cf0967274efe75c7a36bad813,,Liberty Cash Plus,LCS,18
0xf99d58e463a2e07e5692127302c20a191861b4d6,,Anyswap,ANY,18
0x37472814e5c6146e6ca7ed1753cd1b18b733e5d4,,Wrapped Blurt,WBLURT,3
0xd26c338fbf7e02dd8711424567b2baba3d5dce3a,,Waffle,WAFL,2
0x1b40183efb4dd766f11bda7a7c3ad8982e998421,,VesperToken,VSP,18
0x94f31ac896c9823d81cf9c2c93feceed4923218f,,YfTether.io,YFTE,18
0x6d6d543fe4e2f62dd0c9d4a79e18f0b43ddd12ea,,88mph Harvest 3CRV Zero Coupon Bond -- Series February 2022,88MPH-HARVEST-3CRV-FEB-2022,18
0x017e71e96f2ae777c679740d2d8dc15ed4231981,,Wrapped YFI,wYFI,18
0xdbdb4d16eda451d0503b854cf79d55697f90c8df,,Alchemix,ALCX,18
0x35a18000230da775cac24873d00ff85bccded550,,Compound Uniswap,cUNI,8
0xa6621965508bf4f41927c63793b493fa12cbae6d,,MoonCats Rescue,MOONCAT,18
0x1f3f9d3068568f8040775be2e8c03c103c61f3af,,Archer DAO Governance Token,ARCH,18
0x27ffed7e5926fb2795fc85aaab558243f280a8a2,,Punk-Female,PUNK-FEMALE,18
0x8f3002d2593a81d22f77e65d51aa18a9474fbaa9,,EasyMusic,EMC,18
0x9ca85572e6a3ebf24dedd195623f188735a5179f,,yearn Curve.fi DAI/USDC/USDT,y3Crv,18
0x6136f882850e404105ca5b393e016a2e74a6b829,,Shikoku Inu,KOKU,8
0x773258b03c730f84af10dfcb1bfaa7487558b8ac,,Secret Finance,SEFI,6
0xa0246c9032bc3a600820415ae600c6388619a14d,,FARM Reward Token,FARM,18
0xdfe66b14d37c77f4e9b180ceb433d1b164f0281d,,stakedETH,stETH,18
0xc926990039045611eb1de520c1e249fd0d20a8ea,,SushiSwap LP Token,SLP,18
0x41e5560054824ea6b0732e656e3ad64e20e94e45,,Civic,CVC,8
0xeabb8996ea1662cad2f7fb715127852cd3262ae9,,Connect Financial,CNFI,18
0x9b02dd390a603add5c07f9fd9175b7dabe8d63b7,,Shopping.io,SPI,18
0x0bc18c456959d03e4c3d2cad6543da99fa5baf21,,Pixl-Basic,PIXL-BASIC,18
0xf9f3aec20b51c04625748007bb244191ce18b44c,,BGANPUNK,BGANPUNK,18
0xe28b3b32b6c345a34ff64674606124dd5aceca30,,Injective Token,INJ,18
0x0f51bb10119727a7e5ea3538074fb341f56b09ad,,DAO Maker,DAO,18
0xa15c7ebe1f07caf6bff097d8a589fb8ac49ae5b3,,Pundi X Token,NPXS,18
0x7c974104df9dd7fb91205ab3d66d15aff1049de8,,Wrapped USD,WUSD,18
0x68a3637ba6e75c0f66b61a42639c4e9fcd3d4824,,MoonToken,MOON,18
0x889efb523cc39590b8483eb9491890ac71407f64,,Moon Juice,JUICE,18
0xa0b73e1ff0b80914ab6fe0444e65848c4c34450b,,CRO,CRO,8
0x23935765cdf2f7548f86042ff053d16a22c4e240,,Tradez,TRZ,18
0x6b51beeaa7d6704d48d088ec95735e21459385f0,,YTC,YTC,18
0x4a64515e5e1d1073e83f30cb97bed20400b66e10,,Wrapped ZEC,WZEC,18
0xdc7ee965b4f62c1ed2a2da72b20a143bfe31fd32,,Twerky Pepe,TWERKY,18
0x0abdace70d3790235af448c88547603b945604ea,,district0x Network Token,DNT,18
0xc9cb53b48a2f3a9e75982685644c1870f1405ccb,,SushiSwap LP Token,SLP,18
0xb772481226124caed78c7b4654424020b06118ed,,DEAFBEEF Synth Poems,DEAFBEEF,18
0xbd2f0cd039e0bfcf88901c98c0bfac5ab27566e3,,Dynamic Set Dollar,DSD,18
0x0bb7c1ef0ecfb8d9e59a72cfd14996f6ffd69892,,Niftydudes,DUDE,18
0x0fe629d1e84e171f8ff0c1ded2cc2221caa48a3f,,Mask,MASK,18
0x47331c546c77997669ea7c9fefb0c649be8644fd,,EarnToken,EARN,18
0x79e9110da35febc60220d7be868a698b44a50359,,Made Coin In China,MCIC,16
0xf6ec87dfe1ed3a7256cc0c38e3c8139103e9af3b,,GeneToken,GENE,18
0x037a54aab062628c9bbae1fdb1583c195585fe41,,LCX,LCX,18
0x7fc66500c84a76ad7e9c93437bfc5ac33e2ddae9,,Aave Token,AAVE,18
0xb6ed7644c69416d67b522e20bc294a9a9b405b31,,0xBitcoin Token,0xBTC,8
0x4ac00f287f36a6aad655281fe1ca6798c9cb727b,,GazeCoin Metaverse Token,GZE,18
0x9b52cc7d6b8668179e2bb8de4903c1c8739091cd,,TheHappyCoin.co Token,HAPPY,18
0x55296f69f40ea6d20e478533c15a6b08b654e758,,XY Oracle,XYO,18
0x7ed4029d5b7ab05baf4516e1aad57dfc8265e223,,LitecoYield,LTY,18
0x9e5405a11e42e7d48fbf4f2e979695641c15189b,,Primitive V1 Redeem,RDM,18
0xb8c77482e45f1f44de1745f52c74426c631bdd52,,BNB,BNB,18
0x2f7b618993cc3848d6c7ed9cdd5e835e4fe22b98,,Nami Corporation Token,NAMI,18
0x9d409a0a012cfba9b15f6d4b36ac57a46966ab9a,,Yearn Compounding veCRV yVault,yvBOOST,18
0x970b9bb2c0444f5e81e9d0efb84c8ccdcdcaf84d,,Fuse Token,FUSE,18
0x983f6d60db79ea8ca4eb9968c6aff8cfa04b3c63,,SONM Token,SNM,18
0x1864ce27e9f7517047933caae530674e8c70b8a7,,Pibble Token,PIB,18
0x8e870d67f660d95d5be530380d0ec0bd388289e1,,Pax Dollar,USDP,18
0x0000000000085d4780b73119b644ae5ecd22b376,,TrueUSD,TUSD,18
0x17b0a6e384c50de3848063e599e7345c7428d98b,,SOLOS,SOLOS,18
0xfe5f141bf94fe84bc28ded0ab966c16b17490657,,LibraToken,LBA,18
0x2ba592f78db6436527729929aaf6c908497cb200,,Cream,CREAM,18
0x75019407b9f8f30f2b1fd3e4905a0a39ecc14817,,Wasabi Token,WASABI,18
0x3d0293f06daf4311b482564330d57c8db6c10893,,Y Coin,YCO,8
0xa44e5137293e855b1b7bc7e2c6f8cd796ffcb037,,SENTinel,SENT,8
0x4575f41308ec1483f3d399aa9a2826d74da13deb,,Orchid,OXT,18
0xe1406825186d63980fd6e2ec61888f7b91c4bae4,,Strudel BTC,VBTC,18
0x4fabb145d64652a948d72533023f6e7a623c7c53,,BUSD,BUSD,18
0xd7f8032777c50afd2e7afa41912a4d8038127271,,MUAN,MUA,18
0x2048ede83b630846e01bd773a8b3dff68489aa4f,,Shoob,SHOOB,18
0x0954906da0bf32d5479e25f46056d22f08464cab,,Index,INDEX,18
0x3c6ff50c9ec362efa359317009428d52115fe643,,PeerEx Network,PERX,18
0x49184e6dae8c8ecd89d8bdc1b950c597b8167c90,,LIBERTAS,LIBERTAS,2
0x83984d6142934bb535793a82adb0a46ef0f66b6d,,REMME token,REM,4
0x14f0a12a43c36c49d4b403dd6e1a9b8222be456c,,VINX Coin,VXC,18
0xa31b1767e09f842ecfd4bc471fe44f830e3891aa,,ROOBEE,ROOBEE,18
0x6e36556b3ee5aa28def2a8ec3dae30ec2b208739,,BUILD Finance,BUILD,18
0x024b6e7dc26f4d5579bdd936f8d7bc31f2339999,,MIS3,MIS3,18
0x22fe5bcada4e30a7310efb1dff7f90168dc42b62,,MyFinance,MYFI,18
0x58dc5a51fe44589beb22e8ce67720b5bc5378009,,SushiSwap LP Token,SLP,18
0xbd0001bb1a7ebdc64899161b48c60bcbef62004e,,YFFU.Finance 2.0,YFFU2,18
0xd303cf6fdc49689cf42ddb44824d446664b76e95,,Tide,TIDE,18
0xbe80ceed72e1798c631fcd92f611367abd7f836f,,Coin98 Insights,INS,18
0x26cf82e4ae43d31ea51e72b663d26e26a75af729,,Moonbase,mbBASED,18
0xfa5047c9c78b8877af97bdcb85db743fd7313d4a,,ROOK,ROOK,18
0x066f3a3b7c8fa077c71b9184d862ed0a4d5cf3e0,,SushiSwap LP Token,SLP,18
0x584bc13c7d411c00c01a62e8019472de68768430,,Hegic,HEGIC,18
0xf29e46887ffae92f1ff87dfe39713875da541373,,UniCrypt,UNC,18
0x2056680c780b91f0774c571b5fd9720f7bae6ef0,,Winecraft,WINE,18
0x335646c5b3d355a73b5eecaf6657f5af8de8b06b,,YouTube Token,YTUBE,18
0xa1454f9c704af96636f3a7532b9a04c411f85680,,BallSwap,BSP,18
0xbb14b9b385ca3bd3668bba114b555b3a3e1fa705,,NyanCatToken,NYAN,18
0xe5b826ca2ca02f09c1725e9bd98d9a8874c30532,,ZEON,ZEON,18
0xba4418f862a8d37c67991d658a3c5c09bd8c7366,,Kassia Kommercial Crown,CROWN,18
0xbbff34e47e559ef680067a6b1c980639eeb64d24,,Leverj Gluon,L2,18
0xef5c6a88710a3c857105058f947d249bc490909d,,wanWASP@ethereum,wanWASP,18
0x16c52ceece2ed57dad87319d91b5e3637d50afa4,,TCAP Token,TCAP,18
0x0000a1c00009a619684135b824ba02f7fbf3a572,,Alchemy,ALCH,18
0xea5f88e54d982cbb0c441cde4e79bc305e5b43bc,,Pareto Network Token,PARETO,18
0x808507121b80c02388fad14726482e061b8da827,,Pendle,PENDLE,18
0xc00e94cb662c3520282e6f5717214004a7f26888,,Compound,COMP,18
0x557b933a7c2c45672b610f8954a3deb39a51a8ca,,REVV,REVV,18
0xc6e6660fd4895786c10a259577367dff3d152fd8,,DULY,DULY,18
0x80fb784b7ed66730e8b1dbd9820afd29931aab03,,EthLend Token,LEND,18
0x02d463574ce1e45d9f6258518d3ff7667c78383d,,BASK Bond,BASKBond,18
0xa1d7b2d891e3a1f9ef4bbc5be20630c2feb1c470,,SushiSwap LP Token,SLP,18
0xba100000625a3754423978a60c9317c58a424e3d,,Balancer,BAL,18
0x7f701650c116b5a2338b6eed6be0b924fc9a1551,,Ruler Protocol rToken,RC_WETH__DAI_2021_3_31,18
0x17525e4f4af59fbc29551bc4ece6ab60ed49ce31,,Yearn Ecosystem Pie,YPIE,18
0x57ab1ec28d129707052df4df418d58a2d46d5f51,,Synth sUSD,sUSD,18
0x378b4c5f2a8a0796a8d4c798ef737cf00ae8e667,,SushiSwap LP Token,SLP,18
0xa487bf43cf3b10dffc97a9a744cbb7036965d3b9,,Deri,DERI,18
0x1fdab294eda5112b7d066ed8f2e4e562d5bcc664,,Spice,SPICE,18
0xab9c92a9337a1494c6d545e48187fa37144403c8,,Punk-Attr-5,PUNK-ATTR-5,18
0x50d1c9771902476076ecfc8b2a83ad6b9355a4c9,,FTT,FTX Token,18
0x8a9c67fee641579deba04928c4bc45f66e26343a,,Jarvis Reward Token,JRT,18
0x25901f2a5a4bb0aaabe2cdb24e0e15a0d49b015d,,Bitfex,BFX,18
0x837010619aeb2ae24141605afc8f66577f6fb2e7,,zHEGIC,zHEGIC,18
0x5d8d9f5b96f4438195be9b99eee6118ed4304286,,Cover Protocol,COVER,18
0xb4bebd34f6daafd808f73de0d10235a92fbb6c3d,,Yearn Ecosystem Token Index,YETI,18
0xbec6cf25afb79b975e57b93f3216e468f8fed910,,ImmunityToken,IMTY,18
0x0f956036a60e141c68bca12f1c6c2b458a56bbb2,,Gravitas.Financial,GIFT,18
0x85ca6710d0f1d511d130f6935edda88acbd921bd,,PLGToken,PLG,18
0x5978708d6cce1cc9640eed47422d64c91bbd5171,,LOLTOKEN,LOL,18
0x6c28aef8977c9b773996d0e8376d2ee379446f2f,,Quickswap,QUICK,18
0x0f10e6ec76346c2362897bfe948c8011bb72880f,,Waifusion,WAIFU,18
0xfec0cf7fe078a500abf15f1284958f22049c2c7e,,Maecenas ART Token,ART,18
0xf1ca9cb74685755965c7458528a36934df52a3ef,,AVINOC Token,AVINOC,18
0xe41d2489571d322189246dafa5ebde1f4699f498,,0x Protocol Token,ZRX,18
0xd26114cd6ee289accf82350c8d8487fedb8a0c07,,OMGToken,OMG,18
0x2aeccb42482cc64e087b6d2e5da39f5a7a7001f8,,Ruler Protocol,RULER,18
0x1c5db575e2ff833e46a2e9864c22f4b22e0b37c2,,renZEC,renZEC,8
0x53dfea0a8cc2a2a2e425e1c174bc162999723ea0,,Jarvis Synthetic Swiss Franc,jCHF,18
0x3432b6a60d23ca0dfca7761b7ab56459d9c964d0,,Frax Share,FXS,18
0x297d33e17e61c2ddd812389c2105193f8348188a,,Strudel Finance,$TRDL,18
0xf7b098298f7c69fc14610bf71d5e02c60792894c,,Guppy,GUP,3
0xa1f82e14bc09a1b42710df1a8a999b62f294e592,,ethereum Conflux,eCFX,18
0x865377367054516e17014ccded1e7d814edc9ce4,,Dola USD Stablecoin,DOLA,18
0xc36824905dff2eaaee7ecc09fcc63abc0af5abc5,,BAB,BAB,18
0xdc5864ede28bd4405aa04d93e05a0531797d9d59,,Falcon,FNT,6
0x429a7f20bba23bdc910773177e0fb05a3789710f,,NouniToken,NOUNI,18
0x123151402076fc819b7564510989e475c9cd93ca,,wrapped-DGLD,wDGLD,8
0xa283aa7cfbb27ef0cfbcb2493dd9f4330e0fd304,,MMToken,MM,18
0x903bef1736cddf2a537176cf3c64579c3867a881,,ichi.farm,ICHI,9
0x76280af9d18a868a0af3dca95b57dde816c1aaf2,,WaifuEnhancementToken,WET,18
0x39ec897bd8579ddf0b7182029d6ec98d3a9dd9af,,WILLY,WILLY,18
0xff56cc6b1e6ded347aa0b7676c85ab0b3d08b0fa,,Orbs,ORBS,18
0x9360b76f8f5f932ac33d46a3ce82ad6c52a713e5,,SushiSwap LP Token,SLP,18
0x70f823ed7643fd7a26fdf8753827d31c16374fde,,PKGX,PKGX,18
0xf21661d0d1d76d3ecb8e1b9f1c923dbfffae4097,,Realio Network,RIO,18
0x36f3fd68e7325a35eb768f1aedaae9ea0689d723,,Empty Set Dollar,ESD,18
0xd0d7a9f2021958e51d60d6966b7bbed9d1cb22b5,,ENEX.SPACE,ENX,10
0x02c6260ce42ea5cd055911ed0d4857ecd4583740,,SushiSwap LP Token,SLP,18
0xffffffff2ba8f66d4e51811c5190992176930278,,Furucombo,COMBO,18
0x896e145568624a498c5a909187363ae947631503,,Wasabi,WASABI,18
0xdb0f18081b505a7de20b18ac41856bcb4ba86a1a,,Poly Ontology Wing Token,pWING,9
0xbc5cef436eadacadfa8dafb63088f09f21dea7e9,,Gwei Token (Forked from WETH10),GWEI,9
0x914f79f4fdffe98a68b10b8327f7a571fa36405d,,YLB,YLB,18
0x3e3cda3218212503883c79f6d2feef29e6bbb87d,,GpyxToken,GPYX,18
0x20bf12a7bdb6d7b84069fb3b939892a301c981d1,,ClassZZ,CZZ,18
0xb72b31907c1c95f3650b64b2469e08edacee5e8f,,bZx Vesting Token,vBZRX,18
0x44f3ef76b4f277e6c78c9d363ffd18a34a761940,,  BTC  ,  比特币  ,4
0x28cb7e841ee97947a86b06fa4090c8451f64c0be,,YFLink,YFL,18
0x33e18a092a93ff21ad04746c7da12e35d34dc7c4,,Metaverse NFT Index,PLAY,18
0x2a8e1e676ec238d8a992307b495b45b3feaa5e86,,Origin Dollar,OUSD,18
0x50b379ec299e4585f2644ea6376d00b3c402c8cc,,UniSushi,UniSushi,18
0x111111111117dc0aa78b770fa6a738034120c302,,1INCH Token,1INCH,18
0x56b4f8c39e07d4d5d91692acf9d0f6d4d3493763,,Trism,TRISM,18
0x88acdd2a6425c3faae4bc9650fd7e27e0bebb7ab,,Alchemist,⚗️,18
0x56d811088235f11c8920698a204a5010a788f4b3,,bZx Protocol Token,BZRX,18
0x5bc25f649fc4e26069ddf4cf4010f9f706c23831,,DefiDollar,DUSD,18
0x32ce7e48debdccbfe0cd037cc89526e4382cb81b,,Uniswap V2,UNI-V2,18
0x86338b9c31fcf015f26faffe289fdc924a9a2a25,,cswap.finance,Cswap,18
0x965697b4ef02f0de01384d0d4f9f782b1670c163,,Oxygen Ecosystem Token,OXY,6
0xe4ae84448db5cfe1daf1e6fb172b469c161cb85f,,Utopia Open Platform,UOP,18
0x5d858bcd53e085920620549214a8b27ce2f04670,,POP Network Token,POP,18
0xdde73732248f4d11a918eae83cebb034cc69875e,,VMS chain,VMSC,8
0xe0ad1806fd3e7edf6ff52fdb822432e847411033,,OnX.finance,ONX,18
0x9048c33c7bae0bbe9ad702b17b4453a83900d154,,Energy Ledger,ELX,18
0x43b7d7fda7c14a37a97ca5f8bc67dbc7a8aa5f90,,Thunderstrike,THUNDER,18
0xa23d33d5e0a61ba81919bfd727c671bb03ab0fea,,pTokens IQ,IQ,18
0x0f1ab924fbad4525578011b102604d3e2f11f9ef,,Wrapped Equilibria,wXEQ,18
0x78c61af11ada64b7c9154e4f1485579174db8727,,JuraToken,JRE,18
0x368df85396be56f1d475e5d10339211a77e13c32,,Ruler Protocol rToken,RC_WBTC_25000_DAI_2021_3_31,18
0x579cea1889991f68acc35ff5c3dd0621ff29b0c9,,Everipedia IQ,IQ,18
0x76405b423d8e5bf68ba8684c37d026d8c4136dcb,,COIN JOBS,CJ,4
0x38e4adb44ef08f22f5b5b76a8f0c2d0dcbe7dca1,,Concentrated Voting Power,CVP,18
0xa9215aca9821c6c2d6801ae6ed63cd7817ca4faf,,AIA Token,AIA,3
0x9d4aa5600e0c8c2085bb82d946ca6642742a8250,,HOPE,HOPE,18
0x19d97d8fa813ee2f51ad4b4e04ea08baf4dffc28,,Badger Sett Badger,bBADGER,18
0x6810e776880c02933d47db1b9fc05908e5386b96,,Gnosis Token,GNO,18
0x74fc4575a47330340e631f7e0ea550be519fcd0a,,MIB,MIB,18
0x8a9c4dfe8b9d8962b31e4e16f8321c44d48e246e,,NameChangeToken,NCT,18
0x160b1e5aabfd70b2fc40af815014925d71ceed7e,,stakedFiro,stFIRO,8
0xb5b8f5616fe42d5ceca3e87f3fddbdd8f496d760,,ZperToken,ZPR,18
0x8f5e78888f8933ed676a62bb6b58a4b279abe408,,stakedXYM,stXYM,6
0x8daebade922df735c38c80c7ebd708af50815faa,,tBTC,TBTC,18
0x5d1b1019d0afa5e6cc047b9e78081d44cc579fc4,,yfrb.Finance,YFRB,18
0xcfd111c4c0daeae6351bcdc80a993e78923845ab,,SushiSwap LP Token,SLP,18
0x18aaa7115705e8be94bffebde57af9bfc265b998,,Audius,AUDIO,18
0x2f109021afe75b949429fe30523ee7c0d5b27207,,OCC,OCC,18
0x435d0ca4d455209dc9b53f09acdb8d5d761df423,,ZIGZAG,ZAG,18
0x5b3f693efd5710106eb2eac839368364acb5a70f,,Relayer,RLR,18
0x543ff227f64aa17ea132bf9886cab5db55dcaddf,,DAOstack,GEN,18
0x6509f9cdcd547b06482fc79209c71c7c7493d5f1,,QWERT,QWER,18
